loss,macro_f1,balanced_acc,overall_acc,count,best_val_macro_f1,best_epoch
0.5871387195019495,0.8003142162864131,0.8042322793873464,0.80441400304414,2628,0.8003142162864131,15
