loss,macro_f1,balanced_acc,overall_acc,count,best_val_macro_f1,best_epoch
0.7299778619337649,0.7460135594733288,0.7533459713558437,0.752851711026616,2630,0.7460135594733288,14
