loss,macro_f1,balanced_acc,overall_acc,count,best_val_macro_f1,best_epoch
1.4997233932926541,0.4580718857124733,0.4773603331744935,0.4748858447488584,2628,0.4580718857124733,10
