loss,macro_f1,balanced_acc,overall_acc,count,best_val_macro_f1,best_epoch
1.5872543148878144,0.3975766615444734,0.4302881198349326,0.427536231884058,2622,0.3975766615444734,15
