loss,macro_f1,balanced_acc,overall_acc,count,best_val_macro_f1,best_epoch
0.49040844788153964,0.8312824795418122,0.8308594141763596,0.8314307458143074,2628,0.8312824795418122,15
