loss,macro_f1,balanced_acc,overall_acc,count,best_val_macro_f1,best_epoch
0.7690617477609998,0.795069477759037,0.7938417489458142,0.7929984779299848,2628,0.795069477759037,15
