loss,macro_f1,balanced_acc,overall_acc,count,best_val_macro_f1,best_epoch
0.4087863266468048,0.8691287368404836,0.8627154097987678,0.8747012632297713,2929,0.8691287368404836,17
