loss,macro_f1,balanced_acc,overall_acc,count,best_val_macro_f1,best_epoch
0.4381578899011379,0.8608537766984777,0.8624608623131661,0.8615560640732265,2622,0.8608537766984777,13
