loss,macro_f1,balanced_acc,overall_acc,count,best_val_macro_f1,best_epoch
0.6635424283946433,0.8338492430150422,0.8338797394938695,0.8333333333333334,2622,0.8338492430150422,15
