loss,macro_f1,balanced_acc,overall_acc,count,best_val_macro_f1,best_epoch
0.5015900113984294,0.8452076873750101,0.8385619579008665,0.8446568794810515,2929,0.8452076873750101,9
