loss,macro_f1,balanced_acc,overall_acc,count,best_val_macro_f1,best_epoch
0.572769573548945,0.8062772214405599,0.8117262798930938,0.8108314263920672,2622,0.8062772214405599,15
