loss,macro_f1,balanced_acc,overall_acc,count,best_val_macro_f1,best_epoch
0.47547687557728396,0.857869359328673,0.8503522164907471,0.8709457152611813,2929,0.857869359328673,24
