loss,macro_f1,balanced_acc,overall_acc,count,best_val_macro_f1,best_epoch
0.29183541672925156,0.9139581127394206,0.9138379398219265,0.9135849056603773,2650,0.9139581127394206,13
