loss,macro_f1,balanced_acc,overall_acc,count,best_val_macro_f1,best_epoch
0.3465330849978186,0.8794187631451345,0.8801667473231319,0.8790874524714829,2630,0.8794187631451345,15
