loss,macro_f1,balanced_acc,overall_acc,count,best_val_macro_f1,best_epoch
0.4148980462036672,0.8717985238801851,0.8722461618292308,0.8721461187214612,2628,0.8717985238801851,15
