loss,macro_f1,balanced_acc,overall_acc,count,best_val_macro_f1,best_epoch
0.37458290157484864,0.8735550259828557,0.8755978815571548,0.8741444866920152,2630,0.8735550259828557,13
