loss,macro_f1,balanced_acc,overall_acc,count,best_val_macro_f1,best_epoch
0.2857329422341926,0.9170387704230738,0.9164041131694431,0.9164451196353969,2633,0.9170387704230738,15
