loss,macro_f1,balanced_acc,overall_acc,count,best_val_macro_f1,best_epoch
0.691708325275353,0.751224457182055,0.7602648776263291,0.7636986301369864,2628,0.751224457182055,14
