loss,macro_f1,balanced_acc,overall_acc,count,best_val_macro_f1,best_epoch
0.2929562479922814,0.9114766459626286,0.9115481379014668,0.9108835798255593,2637,0.9114766459626286,14
