loss,macro_f1,balanced_acc,overall_acc,count,best_val_macro_f1,best_epoch
0.5301300060181391,0.829065547453225,0.8288836121147244,0.8285930982176716,2637,0.829065547453225,12
