loss,macro_f1,balanced_acc,overall_acc,count,best_val_macro_f1,best_epoch
1.3625536197569312,0.4798893871808645,0.5027928759467056,0.5026697177726926,2622,0.4798893871808645,15
