loss,macro_f1,balanced_acc,overall_acc,count,best_val_macro_f1,best_epoch
0.38301177220862537,0.8991919354006737,0.8986871533986303,0.8996197718631179,2630,0.8991919354006737,30
