loss,macro_f1,balanced_acc,overall_acc,count,best_val_macro_f1,best_epoch
0.40280050234425635,0.8788998632444734,0.8797069612449444,0.878234398782344,2628,0.8788998632444734,15
