loss,macro_f1,balanced_acc,overall_acc,count,best_val_macro_f1,best_epoch
0.28689560449371737,0.9117886634286503,0.9117460176723781,0.9120212362533182,2637,0.9117886634286503,12
