loss,macro_f1,balanced_acc,overall_acc,count,best_val_macro_f1,best_epoch
1.6603719223113287,0.36944885896712615,0.4007873828830174,0.4030188679245283,2650,0.36944885896712615,15
