loss,macro_f1,balanced_acc,overall_acc,count,best_val_macro_f1,best_epoch
0.6675795643102556,0.7835319686589074,0.7868777253505705,0.7845283018867925,2650,0.7835319686589074,15
