loss,macro_f1,balanced_acc,overall_acc,count,best_val_macro_f1,best_epoch
0.5598367605180967,0.8208232290276047,0.8216995426104678,0.820377358490566,2650,0.8208232290276047,13
