loss,macro_f1,balanced_acc,overall_acc,count,best_val_macro_f1,best_epoch
0.3640701918907109,0.8918565496948614,0.8913232881986041,0.8919330289193302,2628,0.8918565496948614,14
