loss,macro_f1,balanced_acc,overall_acc,count,best_val_macro_f1,best_epoch
0.37720952819033365,0.8807471330976825,0.881536919257433,0.8810068649885584,2622,0.8807471330976825,15
