loss,macro_f1,balanced_acc,overall_acc,count,best_val_macro_f1,best_epoch
1.0494678779726936,0.62927462425767,0.6528262365536442,0.649923896499239,2628,0.62927462425767,15
