loss,macro_f1,balanced_acc,overall_acc,count,best_val_macro_f1,best_epoch
0.2980061818712524,0.9131637574094253,0.9125339963488027,0.9126471705279149,2633,0.9131637574094253,15
