loss,macro_f1,balanced_acc,overall_acc,count,best_val_macro_f1,best_epoch
0.5027061375539478,0.8243882934352578,0.8259084522521477,0.8276125095347063,2622,0.8243882934352578,15
