loss,macro_f1,balanced_acc,overall_acc,count,best_val_macro_f1,best_epoch
1.3011698453199296,0.5283901930976324,0.5550299715672279,0.5475285171102662,2630,0.5283901930976324,13
