loss,macro_f1,balanced_acc,overall_acc,count,best_val_macro_f1,best_epoch
1.352945347627004,0.49420077578747285,0.5218220379260371,0.5212927756653992,2630,0.49420077578747285,15
