loss,macro_f1,balanced_acc,overall_acc,count,best_val_macro_f1,best_epoch
0.7719319182492438,0.7834694869196227,0.7819344356210801,0.7821292775665399,2630,0.7834694869196227,12
