loss,macro_f1,balanced_acc,overall_acc,count,best_val_macro_f1,best_epoch
1.5925396169934953,0.4031306337009216,0.4400553522876308,0.439117199391172,2628,0.4031306337009216,13
