loss,macro_f1,balanced_acc,overall_acc,count,best_val_macro_f1,best_epoch
0.4934598070879777,0.8330999302160955,0.8345124410602126,0.8334600760456273,2630,0.8330999302160955,15
