loss,macro_f1,balanced_acc,overall_acc,count,best_val_macro_f1,best_epoch
0.4917209164603897,0.8324591096911239,0.8260749078836845,0.8497780812564015,2929,0.8324591096911239,22
