loss,macro_f1,balanced_acc,overall_acc,count,best_val_macro_f1,best_epoch
0.42954201891836596,0.858131250978726,0.8599672051297514,0.8585049580472921,2622,0.858131250978726,14
