loss,macro_f1,balanced_acc,overall_acc,count,best_val_macro_f1,best_epoch
1.6807814552670433,0.37539775756102833,0.4145636772574944,0.41827834660599167,2637,0.37539775756102833,15
