loss,macro_f1,balanced_acc,overall_acc,count,best_val_macro_f1,best_epoch
1.0750307071776617,0.6222617043675484,0.643169614253221,0.6449771689497716,2628,0.6222617043675484,14
