loss,macro_f1,balanced_acc,overall_acc,count,best_val_macro_f1,best_epoch
0.44169447733008343,0.8529586342317238,0.8456808187137438,0.8699214749061113,2929,0.8529586342317238,14
