loss,macro_f1,balanced_acc,overall_acc,count,best_val_macro_f1,best_epoch
1.6585169264248438,0.30437204465500484,0.39876758877068846,0.4071537290715373,2628,0.30437204465500484,14
