loss,macro_f1,balanced_acc,overall_acc,count,best_val_macro_f1,best_epoch
1.5889916036810194,0.38107877173454424,0.42367768477076145,0.4209125475285171,2630,0.38107877173454424,14
