loss,macro_f1,balanced_acc,overall_acc,count,best_val_macro_f1,best_epoch
0.38279471173882484,0.8772210616941418,0.8770293478450583,0.8763318112633182,2628,0.8772210616941418,13
