loss,macro_f1,balanced_acc,overall_acc,count,best_val_macro_f1,best_epoch
1.423616057350522,0.4812325366334082,0.5148409776364095,0.5178843226788432,2628,0.4812325366334082,14
