loss,macro_f1,balanced_acc,overall_acc,count,best_val_macro_f1,best_epoch
0.2722452085664762,0.9199489252729612,0.919096105558345,0.9194834789213825,2633,0.9199489252729612,15
