loss,macro_f1,balanced_acc,overall_acc,count,best_val_macro_f1,best_epoch
0.5736476967974407,0.8089896325131417,0.8151729691207918,0.8157894736842105,2622,0.8089896325131417,15
