loss,macro_f1,balanced_acc,overall_acc,count,best_val_macro_f1,best_epoch
0.4586097144562265,0.8377133304668664,0.833809906174654,0.8654831000341413,2929,0.8377133304668664,12
