loss,macro_f1,balanced_acc,overall_acc,count,best_val_macro_f1,best_epoch
0.5066830565532049,0.8386106062183686,0.8372054175077,0.8355488036460311,2633,0.8386106062183686,15
