loss,macro_f1,balanced_acc,overall_acc,count,best_val_macro_f1,best_epoch
1.6614753958724795,0.3616640199033735,0.39684284651052887,0.39657794676806085,2630,0.3616640199033735,15
