loss,macro_f1,balanced_acc,overall_acc,count,best_val_macro_f1,best_epoch
0.4287647716701031,0.8650468716996484,0.8671296120326687,0.8653992395437262,2630,0.8650468716996484,14
