loss,macro_f1,balanced_acc,overall_acc,count,best_val_macro_f1,best_epoch
0.63177226377385,0.8434519894254513,0.8434857552284154,0.8424657534246576,2628,0.8434519894254513,15
