loss,macro_f1,balanced_acc,overall_acc,count,best_val_macro_f1,best_epoch
0.2901832323432678,0.911580825668345,0.911394547473357,0.9109433962264151,2650,0.911580825668345,13
