loss,macro_f1,balanced_acc,overall_acc,count,best_val_macro_f1,best_epoch
1.6944479622491977,0.32669279104578763,0.37633396297939437,0.37528604118993136,2622,0.32669279104578763,11
