loss,macro_f1,balanced_acc,overall_acc,count,best_val_macro_f1,best_epoch
0.629467751298632,0.8013548314218657,0.800541892225967,0.7990140310959424,2637,0.8013548314218657,15
