loss,macro_f1,balanced_acc,overall_acc,count,best_val_macro_f1,best_epoch
2.000776436270737,0.10261374340046087,0.2156295324453892,0.2292143401983219,2622,0.10261374340046087,12
