loss,macro_f1,balanced_acc,overall_acc,count,best_val_macro_f1,best_epoch
0.5053713693327847,0.8436082630731481,0.8435400688088502,0.8422053231939164,2630,0.8436082630731481,12
