loss,macro_f1,balanced_acc,overall_acc,count,best_val_macro_f1,best_epoch
0.937388535411585,0.6639717839714848,0.6760474811807505,0.6779467680608365,2630,0.6639717839714848,15
