loss,macro_f1,balanced_acc,overall_acc,count,best_val_macro_f1,best_epoch
0.4210872821332443,0.8710473868268888,0.8725714618946522,0.8725266362252664,2628,0.8710473868268888,14
