loss,macro_f1,balanced_acc,overall_acc,count,best_val_macro_f1,best_epoch
0.29605819191783667,0.9142932708137576,0.9146086520878532,0.9143396226415095,2650,0.9142932708137576,15
