loss,macro_f1,balanced_acc,overall_acc,count,best_val_macro_f1,best_epoch
1.0099226733048756,0.6216363024178476,0.6335468114980226,0.6315589353612168,2630,0.6216363024178476,15
