loss,macro_f1,balanced_acc,overall_acc,count,best_val_macro_f1,best_epoch
0.3408260857459249,0.8867240756626323,0.8854667145234859,0.8852021357742181,2622,0.8867240756626323,15
