loss,macro_f1,balanced_acc,overall_acc,count,best_val_macro_f1,best_epoch
0.39305643655541467,0.8952365232060465,0.8952789164685129,0.8958810068649885,2622,0.8952365232060465,27
