loss,macro_f1,balanced_acc,overall_acc,count,best_val_macro_f1,best_epoch
2.3948413928349814,0.0165860400829302,0.09090909090909091,0.10038022813688213,2630,0.0165860400829302,1
