loss,macro_f1,balanced_acc,overall_acc,count,best_val_macro_f1,best_epoch
0.2592434704392439,0.9172852417683636,0.9167847402399126,0.9161926431551005,2637,0.9172852417683636,15
