loss,macro_f1,balanced_acc,overall_acc,count,best_val_macro_f1,best_epoch
0.7452983714458419,0.7915203151632291,0.7912532276469618,0.7906178489702517,2622,0.7915203151632291,12
