loss,macro_f1,balanced_acc,overall_acc,count,best_val_macro_f1,best_epoch
0.38996173858287786,0.8960974001506908,0.8960824787447588,0.895738203957382,2628,0.8960974001506908,21
