loss,macro_f1,balanced_acc,overall_acc,count,best_val_macro_f1,best_epoch
0.41543625268552986,0.8700930925930339,0.8690854021103486,0.8695817490494296,2630,0.8700930925930339,15
