loss,macro_f1,balanced_acc,overall_acc,count,best_val_macro_f1,best_epoch
1.6451840627761114,0.38905647384730985,0.41120108084544743,0.41359665780478544,2633,0.38905647384730985,15
