loss,macro_f1,balanced_acc,overall_acc,count,best_val_macro_f1,best_epoch
0.622012863556544,0.7970691961975386,0.797572055986771,0.7964299278389669,2633,0.7970691961975386,15
