loss,macro_f1,balanced_acc,overall_acc,count,best_val_macro_f1,best_epoch
0.3666975817120657,0.880950875728889,0.87978885819839,0.8802440884820748,2622,0.880950875728889,15
