loss,macro_f1,balanced_acc,overall_acc,count,best_val_macro_f1,best_epoch
0.3682037080150275,0.8779091008721784,0.8771426433199874,0.8783269961977186,2630,0.8779091008721784,14
