loss,macro_f1,balanced_acc,overall_acc,count,best_val_macro_f1,best_epoch
2.395108723058933,0.016632016632016633,0.09090909090909091,0.10068649885583524,2622,0.016632016632016633,6
